epoch,train_loss,val_loss
0,0.47457799315452576,0.5671892166137695
