epoch,train_loss,val_loss
0,1.0279431343078613,1.6983444690704346
